{"cameraMode":{"drawMode":0,"name":"Shaded","section":"Shading Mode"},"sceneLighting":true,"audioPlay":false,"sceneViewState":{"showFog":false,"showMaterialUpdate":false,"showSkybox":false,"showFlares":false,"showImageEffects":false,"showParticleSystems":false},"in2DMode":false,"pivot":{"x":1.1296350955963135,"y":-0.3501695692539215,"z":-11.302359580993653},"rotation":{"x":0.1369650810956955,"y":-0.004457557573914528,"z":0.0006156731396913528,"w":0.9905691146850586},"size":8.726086616516114,"orthographic":false}