{"cameraMode":{"drawMode":0,"name":"Shaded","section":"Shading Mode"},"sceneLighting":true,"audioPlay":false,"sceneViewState":{"showFog":false,"showMaterialUpdate":false,"showSkybox":false,"showFlares":false,"showImageEffects":false,"showParticleSystems":false},"in2DMode":false,"pivot":{"x":0.00019308924674987793,"y":0.3306085765361786,"z":13.245508193969727},"rotation":{"x":0.2797117531299591,"y":-0.6521235704421997,"z":0.2825777232646942,"w":0.645500659942627},"size":6.895493030548096,"orthographic":false}