{"cameraMode":{"drawMode":0,"name":"Shaded","section":"Shading Mode"},"sceneLighting":true,"audioPlay":false,"sceneViewState":{"showFog":false,"showMaterialUpdate":false,"showSkybox":false,"showFlares":false,"showImageEffects":false,"showParticleSystems":false},"in2DMode":false,"pivot":{"x":-2.599198341369629,"y":-5.891979217529297,"z":-13.473743438720704},"rotation":{"x":0.44689205288887026,"y":0.09097103774547577,"z":-0.04574252665042877,"w":0.8887786865234375},"size":82.39701080322266,"orthographic":false}