{"cameraMode":{"drawMode":0,"name":"Shaded","section":"Shading Mode"},"sceneLighting":true,"audioPlay":false,"sceneViewState":{"showFog":false,"showMaterialUpdate":false,"showSkybox":false,"showFlares":false,"showImageEffects":false,"showParticleSystems":false},"in2DMode":false,"pivot":{"x":6.818233489990234,"y":-5.866647720336914,"z":24.468082427978517},"rotation":{"x":0.09750091284513474,"y":0.855410099029541,"z":-0.4778054654598236,"w":0.17455509305000306},"size":37.88212585449219,"orthographic":false}