{"cameraMode":{"drawMode":0,"name":"Shaded","section":"Shading Mode"},"sceneLighting":true,"audioPlay":false,"sceneViewState":{"showFog":false,"showMaterialUpdate":false,"showSkybox":false,"showFlares":false,"showImageEffects":false,"showParticleSystems":false},"in2DMode":false,"pivot":{"x":-1.8178539276123047,"y":35.04364013671875,"z":-5.1034698486328129},"rotation":{"x":-0.0048140063881874088,"y":0.9621670842170715,"z":-0.2718876302242279,"w":-0.017035579308867456},"size":283.8051452636719,"orthographic":false}