{"cameraMode":{"drawMode":0,"name":"Shaded","section":"Shading Mode"},"sceneLighting":true,"audioPlay":false,"sceneViewState":{"showFog":false,"showMaterialUpdate":false,"showSkybox":false,"showFlares":false,"showImageEffects":false,"showParticleSystems":false},"in2DMode":false,"pivot":{"x":-0.21269311010837556,"y":-3.5322182178497316,"z":-0.6469974517822266},"rotation":{"x":0.0029339708853513004,"y":-0.9710544943809509,"z":0.23855768144130708,"w":0.011940769851207734},"size":11.331710815429688,"orthographic":false}