{"cameraMode":{"drawMode":0,"name":"Shaded","section":"Shading Mode"},"sceneLighting":true,"audioPlay":false,"sceneViewState":{"showFog":false,"showMaterialUpdate":false,"showSkybox":false,"showFlares":false,"showImageEffects":false,"showParticleSystems":false},"in2DMode":false,"pivot":{"x":-7.5357842445373539,"y":36.20166778564453,"z":-12.668926239013672},"rotation":{"x":0.01828550547361374,"y":-0.8352401256561279,"z":0.5488936305046082,"w":0.02781800366938114},"size":36.34209060668945,"orthographic":false}