{"cameraMode":{"drawMode":0,"name":"Shaded","section":"Shading Mode"},"sceneLighting":true,"audioPlay":false,"sceneViewState":{"showFog":false,"showMaterialUpdate":false,"showSkybox":false,"showFlares":false,"showImageEffects":false,"showParticleSystems":false},"in2DMode":false,"pivot":{"x":-5.262757301330566,"y":11.834648132324219,"z":11.44094467163086},"rotation":{"x":0.44689205288887026,"y":0.09097103774547577,"z":-0.04574252665042877,"w":0.8887786865234375},"size":98.25996398925781,"orthographic":false}