{"cameraMode":{"drawMode":0,"name":"Shaded","section":"Shading Mode"},"sceneLighting":true,"audioPlay":false,"sceneViewState":{"showFog":false,"showMaterialUpdate":false,"showSkybox":false,"showFlares":false,"showImageEffects":false,"showParticleSystems":false},"in2DMode":false,"pivot":{"x":0.07224559783935547,"y":0.049510568380355838,"z":-0.3218424320220947},"rotation":{"x":-0.003944298252463341,"y":-0.9960253834724426,"z":0.058643754571676257,"w":-0.06704350560903549},"size":0.651018500328064,"orthographic":false}