{"cameraMode":{"drawMode":0,"name":"Shaded","section":"Shading Mode"},"sceneLighting":false,"audioPlay":false,"sceneViewState":{"showFog":true,"showMaterialUpdate":false,"showSkybox":false,"showFlares":true,"showImageEffects":true,"showParticleSystems":true},"in2DMode":false,"pivot":{"x":2.03660249710083,"y":-0.505996823310852,"z":0.37543606758117678},"rotation":{"x":0.1034020408987999,"y":0.6043484807014465,"z":-0.079511359333992,"w":0.7859796285629273},"size":2.5955076217651369,"orthographic":false}