{"cameraMode":{"drawMode":0,"name":"Shaded","section":"Shading Mode"},"sceneLighting":true,"audioPlay":false,"sceneViewState":{"showFog":true,"showMaterialUpdate":false,"showSkybox":false,"showFlares":true,"showImageEffects":true,"showParticleSystems":true},"in2DMode":false,"pivot":{"x":0.3575773239135742,"y":-2.558391571044922,"z":10.251506805419922},"rotation":{"x":-0.33225613832473757,"y":0.44033241271972659,"z":-0.17961792647838593,"w":-0.8145264983177185},"size":10.0,"orthographic":false}