{"cameraMode":{"drawMode":0,"name":"Shaded","section":"Shading Mode"},"sceneLighting":false,"audioPlay":false,"sceneViewState":{"showFog":true,"showMaterialUpdate":true,"showSkybox":false,"showFlares":true,"showImageEffects":true,"showParticleSystems":true},"in2DMode":false,"pivot":{"x":-0.022748470306396486,"y":1.2072594165802003,"z":1.0597801208496094},"rotation":{"x":0.003924928605556488,"y":-0.9902539253234863,"z":0.13632796704769135,"w":0.028518816456198694},"size":39.623695373535159,"orthographic":false}