{"cameraMode":{"drawMode":0,"name":"Shaded","section":"Shading Mode"},"sceneLighting":false,"audioPlay":false,"sceneViewState":{"showFog":true,"showMaterialUpdate":true,"showSkybox":true,"showFlares":true,"showImageEffects":true,"showParticleSystems":true},"in2DMode":false,"pivot":{"x":2.4202003479003908,"y":-2.452239513397217,"z":-9.274250030517579},"rotation":{"x":-0.015931040048599244,"y":-0.9805023670196533,"z":0.1741800606250763,"w":-0.0896788090467453},"size":14.289458274841309,"orthographic":false}