{"cameraMode":{"drawMode":0,"name":"Shaded","section":"Shading Mode"},"sceneLighting":false,"audioPlay":false,"sceneViewState":{"showFog":true,"showMaterialUpdate":true,"showSkybox":true,"showFlares":true,"showImageEffects":true,"showParticleSystems":true},"in2DMode":false,"pivot":{"x":-0.9213632345199585,"y":-0.9082834720611572,"z":-7.068231582641602},"rotation":{"x":0.00933881290256977,"y":-0.9884941577911377,"z":0.1345752328634262,"w":0.06860426813364029},"size":9.37352180480957,"orthographic":false}