{"cameraMode":{"drawMode":0,"name":"Shaded","section":"Shading Mode"},"sceneLighting":false,"audioPlay":false,"sceneViewState":{"showFog":true,"showMaterialUpdate":true,"showSkybox":false,"showFlares":true,"showImageEffects":true,"showParticleSystems":true},"in2DMode":false,"pivot":{"x":-0.04241514205932617,"y":1.158022403717041,"z":1.0404748916625977},"rotation":{"x":0.006088803056627512,"y":0.9921136498451233,"z":0.11328227072954178,"w":-0.053326573222875598},"size":32.80604553222656,"orthographic":false}