{"cameraMode":{"drawMode":0,"name":"Shaded","section":"Shading Mode"},"sceneLighting":true,"audioPlay":false,"sceneViewState":{"showFog":false,"showMaterialUpdate":false,"showSkybox":false,"showFlares":false,"showImageEffects":false,"showParticleSystems":false},"in2DMode":false,"pivot":{"x":1.1523895263671876,"y":-2.783572196960449,"z":-4.527797698974609},"rotation":{"x":0.3010103106498718,"y":0.6529913544654846,"z":-0.31810107827186587,"w":0.6179091930389404},"size":17.885507583618165,"orthographic":false}